SppCode,GenusLatin,SpeciesLatin,CommName,Family,Order,FunctionalGroup
AEME,Aepyceros,melampus,Impala,Bovidae,Artiodactyla,UngulateB
ALBU,Alcelaphus,buselaphus,Hartebeest,Bovidae,Artiodactyla,UngulateG
ATPA,Atilax,paludinosus,Mongoose_marsh,Herpestidae,Carnivora,Carnivore
BDCR,Bdeogale,crassicauda,Mongoose_bushy_tailed,Herpestidae,Carnivora,Carnivore
CEAL,Cercopithecus,albogularis,Samango,Cercopithecidae,Primates,Primate
CENA,Cephalophus,natalensis,Duiker_red,Bovidae,Artiodactyla,UngulateB
CHPY,Chlorocebus,pygerythrus,Vervet,Cercopithecidae,Primates,Primate
CICI,Civettictis,civetta,Civet,Viverridae,Carnivora,Carnivore
COTA,Connochaetes,taurinus,Wildebeest,Bovidae,Artiodactyla,UngulateG
GASA,Galerella,sanguinea,Mongoose_slender,Herpestidae,Carnivora,Carnivore
GEGE,Genetta,genetta,Genet,Viverridae,Carnivora,Carnivore
HEIC,Herpestes,ichneumon,Mongoose_large_grey,Herpestidae,Carnivora,Carnivore
HEPA,Helogale ,parvula,Mongoose_dwarf,Herpestidae,Carnivora,Carnivore
HIAM,Hippopotamus,amphibius,Hippo,Hippopotamidae,Artiodactyla,UngulateG
HINI,Hippotragus,niger,Sable_antelope,Bovidae,Artiodactyla,UngulateG
HYAF,Hystrix,africaeaustralis,Porcupine,Hystricidae,Rodentia,Other_forager
ICAL,Ichneumia,albicauda,Mongoose_white_tailed,Herpestidae,Carnivora,Carnivore
KOEL,Kobus,ellipsiprymnus,Waterbuck,Bovidae,Artiodactyla,UngulateG
LEMI,Lepus,microtis,Hare,Leporidae,Lagomorpha,Other_forager
LESE,Leptailurus,serval,Serval,Felidae,Carnivora,Carnivore
LOAF,Loxodonta,africana,Elephant,Elephantidae,Proboscidea,UngulateB
MATE,Manis,temminckii,Pangolin,Manidae,Pholidota,Other_forager
MECA,Mellivora,capensis,Honey_badger,Mustelidae,Carnivora,Carnivore
MUMU,Mungos,mungo,Mongoose_banded,Herpestidae,Carnivora,Carnivore
ORAF,Orycteropus,afer,Aardvark,Orycteropodidae,Tubulidentata,Other_forager
OTCR,Otolemur,crassicaudatus,Bushbaby,Galagidae,Primates,Other_forager
OUOU,Ourebia,ourebi,Oribi,Bovidae,Artiodactyla,UngulateG
PACY,Papio,cynocephalus,Baboon,Cercopithecidae,Primates,Primate
PALE,Panthera,leo,Lion,Felidae,Carnivora,Carnivore
PHAF,Phacochoerus,africanus,Warthog,Suidae,Artiodactyla,UngulateG
POLA,Potamochoerus,larvatus,Bushpig,Suidae,Artiodactyla,UngulateB
RERE,Redunca,arundinum,Reedbuck,Bovidae,Artiodactyla,UngulateG
SYCA,Syncerus,caffer,Buffalo,Bovidae,Artiodactyla,UngulateG
SYGR,Sylvicapra,grimmia,Duiker_common,Bovidae,Artiodactyla,UngulateB
TAOR,Taurotragus,oryx,Eland,Bovidae,Artiodactyla,UngulateB
TRAN,Tragelaphus,angasii,Nyala,Bovidae,Artiodactyla,UngulateB
TRST,Tragelaphus,strepsiceros,Kudu,Bovidae,Artiodactyla,UngulateB
TRSY,Tragelaphus,scriptus,Bushbuck,Bovidae,Artiodactyla,UngulateB